{
  "list":[
    {"y":100,"time":3},
    {"y":300,"time":3},
    {"y":550,"time":3},
    {"y":800,"time":3},
    {"y":900,"time":3},
    {"y":1050,"time":3},
    {"y":1150,"time":3},
    {"y":1350,"time":3},
    {"y":1550,"time":3},
    {"y":1650,"time":3},
    {"y":1750,"time":3},
    {"y":1950,"time":3},
    {"y":2150,"time":3},
    {"y":2250,"time":3},
    {"y":2350,"time":3},
    {"y":2450,"time":3},
    {"y":2550,"time":3},
    {"y":2650,"time":3},
    {"y":2800,"time":3},
    {"y":2950,"time":3},
    {"y":3150,"time":3},
    {"y":3250,"time":3},
    {"y":3450,"time":3},
    {"y":3550,"time":3},
    {"y":3650,"time":3},
    {"y":3800,"time":3},
    {"y":3950,"time":3},
    {"y":4050,"time":3}

  ]
}