{
	"groups":[
	{
		"keys":"bg_png,icon_png,note_png,note_off_png,tail_png,page_end_1_png,btn_try_png,btn_code_4_png,page_end_2_png,btn_code_1_png,btn_code_2_png,btn_code_3_png,person_png,btn_start_png,title_png,bgm_mp3,data_json,finger_png,mask_png,btn_get_png,page_result_png,btn_share_png",
		"name":"preload"
	}],
	"resources":[
	{
		"name":"bg_png",
		"type":"image",
		"url":"assets/bg.png"
	},
	{
		"name":"icon_png",
		"type":"image",
		"url":"assets/icon.png"
	},
	{
		"name":"note_png",
		"type":"image",
		"url":"assets/note.png"
	},
	{
		"name":"note_off_png",
		"type":"image",
		"url":"assets/note_off.png"
	},
	{
		"name":"tail_png",
		"type":"image",
		"url":"assets/tail.png"
	},
	{
		"name":"page_end_1_png",
		"type":"image",
		"url":"assets/page_end_1.png"
	},
	{
		"name":"btn_try_png",
		"type":"image",
		"url":"assets/btn_try.png"
	},
	{
		"name":"btn_code_4_png",
		"type":"image",
		"url":"assets/btn_code_4.png"
	},
	{
		"name":"page_end_2_png",
		"type":"image",
		"url":"assets/page_end_2.png"
	},
	{
		"name":"btn_code_1_png",
		"type":"image",
		"url":"assets/btn_code_1.png"
	},
	{
		"name":"btn_code_2_png",
		"type":"image",
		"url":"assets/btn_code_2.png"
	},
	{
		"name":"btn_code_3_png",
		"type":"image",
		"url":"assets/btn_code_3.png"
	},
	{
		"name":"person_png",
		"type":"image",
		"url":"assets/person.png"
	},
	{
		"name":"btn_start_png",
		"type":"image",
		"url":"assets/btn_start.png"
	},
	{
		"name":"title_png",
		"type":"image",
		"url":"assets/title.png"
	},
	{
		"name":"bgm_mp3",
		"type":"sound",
		"url":"assets/bgm.mp3"
	},
	{
		"name":"data_json",
		"type":"json",
		"url":"data.json"
	},
	{
		"name":"finger_png",
		"type":"image",
		"url":"assets/finger.png"
	},
	{
		"name":"mask_png",
		"type":"image",
		"url":"assets/mask.png"
	},
	{
		"name":"btn_get_png",
		"type":"image",
		"url":"assets/btn_get.png"
	},
	{
		"name":"page_result_png",
		"type":"image",
		"url":"assets/page_result.png"
	},
	{
		"name":"btn_share_png",
		"type":"image",
		"url":"assets/btn_share.png"
	}]
}