{
"resources":
	[
        {"name":"data","type":"json","url":"data/data.json"},
	  	{"name":"bg","type":"image","url":"assets/bg.png"},
	  	{"name":"light","type":"image","url":"assets/light.png"},
	  	{"name":"move","type":"image","url":"assets/move.png"},
	    {"name":"tap","type":"image","url":"assets/tap.png"},
	    {"name":"title","type":"image","url":"assets/title.png"},
	    {"name":"logo","type":"image","url":"assets/logo.png"}
	],

"groups":
	[
        {"name":"preload","keys":"data,bg,light,move,tap,title,logo"}
	]
}