{
  "level":[
    {"id":1,"player":{
      "color":"0x35d3b7",
      "data":[
        {"x":320,"y":800,"size":50,"speed":0.5,"initialNumber":20}
      ]
    },"computer":{
        "color":"0x40a7ff",
        "data":[
        {"x":400,"y":200,"size":70,"speed":0.5,"initialNumber":10}
        ]
    },"neutral":{
      "color":"0x999999",
      "data":[
      {"x":200,"y":550,"size":50,"speed":0.5,"initialNumber":0}
    ]
      }
    },
    {"id":2,"player":{
	  "color":"0x35d3b7",
	  "data":[
		{"x":350,"y":830,"size":35,"speed":0.3,"initialNumber":20},
		{"x":100,"y":170,"size":35,"speed":0.3,"initialNumber":10},
		{"x":350,"y":180,"size":35,"speed":0.3,"initialNumber":10}
	  ]
	},"computer":{
        "color":"0x40a7ff",
        "data":[
        {"x":320,"y":450,"size":120,"speed":1.2,"initialNumber":25}
        ]
    },"neutral":{
      "color":"0x999999",
      "data":[
	  {"x":520,"y":210,"size":35,"speed":0.3,"initialNumber":0},
	  {"x":120,"y":700,"size":35,"speed":0.3,"initialNumber":0}
    ]
      }
	},
    {"id":3,"player":{
	  "color":"0x35d3b7",
	  "data":[
		{"x":350,"y":800,"size":35,"speed":0.3,"initialNumber":15}
	  ]
	},"computer":{
        "color":"0x40a7ff",
        "data":[
          {"x":250,"y":180,"size":35,"speed":0.3,"initialNumber":15}
        ]
    },"neutral":{
      "color":"0x999999",
      "data":[
	    {"x":320,"y":450,"size":50,"speed":0.5,"initialNumber":5}
    ]
      }
	},
	{"id":4,"player":{
	  "color":"0x35d3b7",
	  "data":[
		{"x":270,"y":850,"size":35,"speed":0.3,"initialNumber":15}
	  ]
	},"computer":{
        "color":"0x40a7ff",
        "data":[
          {"x":150,"y":160,"size":35,"speed":0.3,"initialNumber":30}
        ]
    },"neutral":{
      "color":"0x999999",
      "data":[
	    {"x":150,"y":440,"size":100,"speed":0.5,"initialNumber":35},
	    {"x":400,"y":270,"size":50,"speed":0.5,"initialNumber":5},
	    {"x":370,"y":550,"size":50,"speed":0.5,"initialNumber":5},
		{"x":500,"y":700,"size":50,"speed":0.5,"initialNumber":5}
    ]
      }
	},
    {"id":5,"player":{
	  "color":"0x35d3b7",
	  "data":[
	    {"x":150,"y":600,"size":50,"speed":0.5,"initialNumber":25},
		{"x":400,"y":750,"size":50,"speed":0.5,"initialNumber":25}
	  ]
	},"computer":{
        "color":"0x40a7ff",
        "data":[
        {"x":150,"y":150,"size":50,"speed":0.5,"initialNumber":30},
		{"x":500,"y":250,"size":50,"speed":0.5,"initialNumber":20}
        ]
    },"neutral":{
      "color":"0x999999",
      "data":[
      {"x":350,"y":450,"size":50,"speed":0.5,"initialNumber":0}
    ]
      }
	},
    {"id":6,"player":{
	  "color":"0x35d3b7",
	  "data":[
		{"x":260,"y":800,"size":35,"speed":0.3,"initialNumber":15}
	  ]
	},"computer":{
        "color":"0x40a7ff",
        "data":[
          {"x":250,"y":350,"size":50,"speed":0.5,"initialNumber":20}
        ]
    },"neutral":{
      "color":"0x999999",
      "data":[
	    {"x":390,"y":550,"size":35,"speed":0.3,"initialNumber":0},
		{"x":450,"y":150,"size":50,"speed":0.5,"initialNumber":10}
    ]
      }
	},
    {"id":7,"player":{
	  "color":"0x35d3b7",
	  "data":[
		{"x":260,"y":800,"size":35,"speed":0.3,"initialNumber":15}
	  ]
	},"computer":{
        "color":"0x40a7ff",
        "data":[
          {"x":300,"y":160,"size":100,"speed":1.0,"initialNumber":5}
        ]
    },"neutral":{
      "color":"0x999999",
      "data":[
	    {"x":320,"y":550,"size":50,"speed":0.5,"initialNumber":5},
		{"x":500,"y":700,"size":50,"speed":0.5,"initialNumber":5}
    ]
      }
	},
	{"id":8,"player":{
	  "color":"0x35d3b7",
	  "data":[
		
		{"x":480,"y":510,"size":35,"speed":0.3,"initialNumber":40}
	  ]
	},"computer":{
        "color":"0x40a7ff",
        "data":[
		  {"x":180,"y":440,"size":35,"speed":0.3,"initialNumber":40}
        ]
    },"neutral":{
      "color":"0x999999",
      "data":[
	      {"x":400,"y":720,"size":50,"speed":0.5,"initialNumber":10},
		  {"x":320,"y":470,"size":35,"speed":0.3,"initialNumber":5},
		  {"x":500,"y":150,"size":100,"speed":1,"initialNumber":30},
		  {"x":190,"y":240,"size":50,"speed":0.5,"initialNumber":10}
        ]
      }
	},
    {"id":9,"player":{
	  "color":"0x35d3b7",
	  "data":[
	    {"x":120,"y":700,"size":35,"speed":0.3,"initialNumber":15},
		{"x":350,"y":830,"size":35,"speed":0.3,"initialNumber":15}
	  ]
	},"computer":{
        "color":"0x40a7ff",
        "data":[
        {"x":150,"y":150,"size":50,"speed":0.5,"initialNumber":30},
		{"x":500,"y":250,"size":50,"speed":0.5,"initialNumber":20}
        ]
    },"neutral":{
      "color":"0x999999",
      "data":[
      {"x":240,"y":540,"size":35,"speed":0.3,"initialNumber":0},
	  {"x":410,"y":610,"size":35,"speed":0.3,"initialNumber":0},
	  {"x":520,"y":810,"size":35,"speed":0.3,"initialNumber":0}
    ]
      }
	},
    {"id":10,"player":{
	  "color":"0x35d3b7",
	  "data":[
		{"x":350,"y":800,"size":35,"speed":0.3,"initialNumber":20}
	  ]
	},"computer":{
        "color":"0x40a7ff",
        "data":[
          {"x":250,"y":100,"size":35,"speed":0.3,"initialNumber":25}
        ]
    },"neutral":{
      "color":"0x999999",
      "data":[
	    {"x":320,"y":450,"size":35,"speed":0.3,"initialNumber":0},
	    {"x":200,"y":600,"size":35,"speed":0.3,"initialNumber":0},
	    {"x":400,"y":250,"size":35,"speed":0.3,"initialNumber":0}
    ]
      }
	},
    {"id":11,"player":{
	  "color":"0x35d3b7",
	  "data":[
	    {"x":120,"y":700,"size":35,"speed":0.3,"initialNumber":15},
		{"x":350,"y":730,"size":35,"speed":0.3,"initialNumber":15}
	  ]
	},"computer":{
        "color":"0x40a7ff",
        "data":[
        {"x":150,"y":150,"size":50,"speed":0.5,"initialNumber":20},
		{"x":500,"y":250,"size":50,"speed":0.5,"initialNumber":20}
        ]
    },"neutral":{
      "color":"0x999999",
      "data":[
      {"x":330,"y":450,"size":50,"speed":0.5,"initialNumber":0},
	  {"x":520,"y":780,"size":35,"speed":0.3,"initialNumber":0}
    ]
      }
	},
    {"id":12,"player":{
	  "color":"0x35d3b7",
	  "data":[
		{"x":350,"y":830,"size":35,"speed":0.3,"initialNumber":25}
	  ]
	},"computer":{
        "color":"0x40a7ff",
        "data":[
		{"x":80,"y":150,"size":35,"speed":0.3,"initialNumber":10},
        {"x":320,"y":450,"size":50,"speed":0.5,"initialNumber":10},
		{"x":280,"y":240,"size":35,"speed":0.3,"initialNumber":10},
		{"x":450,"y":210,"size":35,"speed":0.3,"initialNumber":10}
        ]
    },"neutral":{
      "color":"0x999999",
      "data":[
	  {"x":520,"y":360,"size":35,"speed":0.3,"initialNumber":10},
	  {"x":120,"y":700,"size":35,"speed":0.3,"initialNumber":10}
    ]
      }
	},
	{"id":13,"player":{
	  "color":"0x35d3b7",
	  "data":[
		{"x":500,"y":850,"size":35,"speed":0.3,"initialNumber":15}
	  ]
	},"computer":{
        "color":"0x40a7ff",
        "data":[
		  {"x":320,"y":550,"size":50,"speed":0.5,"initialNumber":5},
          {"x":150,"y":160,"size":35,"speed":0.3,"initialNumber":10}
        ]
    },"neutral":{
      "color":"0x999999",
      "data":[
	    {"x":300,"y":320,"size":50,"speed":0.5,"initialNumber":5},
		{"x":500,"y":700,"size":50,"speed":0.5,"initialNumber":5}
    ]
      }
	},
	{"id":14,"player":{
	  "color":"0x35d3b7",
	  "data":[
		{"x":160,"y":130,"size":50,"speed":0.5,"initialNumber":10},
		{"x":400,"y":820,"size":50,"speed":0.5,"initialNumber":10}
	  ]
	},"computer":{
        "color":"0x40a7ff",
        "data":[
          {"x":430,"y":170,"size":50,"speed":0.5,"initialNumber":10},
		  {"x":200,"y":750,"size":50,"speed":0.5,"initialNumber":10}
        ]
    },"neutral":{
      "color":"0x999999",
      "data":[
	      {"x":480,"y":610,"size":50,"speed":0.5,"initialNumber":5},
		  {"x":180,"y":320,"size":50,"speed":0.5,"initialNumber":5}
        ]
      }
	},
	{"id":15,"player":{
	  "color":"0x35d3b7",
	  "data":[
		{"x":400,"y":720,"size":100,"speed":1.0,"initialNumber":20}
	  ]
	},"computer":{
        "color":"0x40a7ff",
        "data":[
		  {"x":190,"y":240,"size":100,"speed":1.0,"initialNumber":30}
        ]
    },"neutral":{
      "color":"0x999999",
      "data":[
	      {"x":480,"y":510,"size":35,"speed":0.3,"initialNumber":5},
		  {"x":180,"y":440,"size":35,"speed":0.3,"initialNumber":5}
        ]
      }
	},
    {"id":16,"player":{
	  "color":"0x35d3b7",
	  "data":[
	    {"x":120,"y":700,"size":35,"speed":0.3,"initialNumber":15}
	  ]
	},"computer":{
        "color":"0x40a7ff",
        "data":[
        {"x":320,"y":450,"size":70,"speed":0.7,"initialNumber":15}
        ]
    },"neutral":{
      "color":"0x999999",
      "data":[
      {"x":80,"y":150,"size":35,"speed":0.3,"initialNumber":0},
	  {"x":280,"y":240,"size":35,"speed":0.3,"initialNumber":0},
	  {"x":550,"y":650,"size":35,"speed":0.3,"initialNumber":0},
	  {"x":450,"y":210,"size":35,"speed":0.3,"initialNumber":0},
	  {"x":520,"y":360,"size":35,"speed":0.3,"initialNumber":0},
	  {"x":350,"y":830,"size":35,"speed":0.3,"initialNumber":0}
    ]
      }
	},
    {"id":17,"player":{
	  "color":"0x35d3b7",
	  "data":[
	    {"x":520,"y":210,"size":35,"speed":0.3,"initialNumber":15},
		{"x":320,"y":450,"size":120,"speed":1.2,"initialNumber":25}
	  ]
	},"computer":{
        "color":"0x40a7ff",
        "data":[
		  {"x":350,"y":830,"size":35,"speed":0.3,"initialNumber":15},
		  {"x":100,"y":170,"size":35,"speed":0.3,"initialNumber":15},
		  {"x":350,"y":180,"size":35,"speed":0.3,"initialNumber":10},
		  {"x":120,"y":700,"size":35,"speed":0.3,"initialNumber":10}
        ]
    },"neutral":{
      "color":"0x999999",
      "data":[
      ]
      }
	},
	{"id":18,"player":{
	  "color":"0x35d3b7",
	  "data":[
		{"x":270,"y":850,"size":50,"speed":0.5,"initialNumber":40}
	  ]
	},"computer":{
        "color":"0x40a7ff",
        "data":[
          {"x":300,"y":160,"size":100,"speed":1,"initialNumber":20},
		  {"x":150,"y":700,"size":50,"speed":0.5,"initialNumber":15},
	      {"x":370,"y":550,"size":50,"speed":0.5,"initialNumber":15},
		  {"x":500,"y":700,"size":50,"speed":0.5,"initialNumber":15}
        ]
    },"neutral":{
      "color":"0x999999",
      "data":[
	    {"x":150,"y":440,"size":50,"speed":0.5,"initialNumber":20}
    ]
      }
	},
	{"id":19,"player":{
	  "color":"0x35d3b7",
	  "data":[
		{"x":270,"y":810,"size":50,"speed":0.5,"initialNumber":20},
		{"x":300,"y":120,"size":50,"speed":0.5,"initialNumber":20}
	  ]
	},"computer":{
        "color":"0x40a7ff",
        "data":[
          {"x":430,"y":380,"size":35,"speed":0.3,"initialNumber":10},
		  {"x":150,"y":570,"size":35,"speed":0.3,"initialNumber":10},
		  {"x":480,"y":610,"size":35,"speed":0.3,"initialNumber":10},
		  {"x":180,"y":390,"size":35,"speed":0.3,"initialNumber":10}
        ]
    },"neutral":{
      "color":"0x999999",
      "data":[
        ]
      }
	},
	{"id":20,"player":{
	  "color":"0x35d3b7",
	  "data":[
		{"x":520,"y":800,"size":35,"speed":0.5,"initialNumber":40}
	  ]
	},"computer":{
        "color":"0x40a7ff",
        "data":[
		  {"x":120,"y":140,"size":35,"speed":0.5,"initialNumber":40}
        ]
    },"neutral":{
      "color":"0x999999",
      "data":[
	      {"x":240,"y":140,"size":35,"speed":0.5,"initialNumber":5},
		  {"x":360,"y":120,"size":35,"speed":0.5,"initialNumber":5},
		  {"x":510,"y":150,"size":35,"speed":0.5,"initialNumber":5},
		  {"x":200,"y":300,"size":35,"speed":0.5,"initialNumber":5},
		  {"x":330,"y":350,"size":35,"speed":0.5,"initialNumber":5},
		  {"x":450,"y":320,"size":35,"speed":0.5,"initialNumber":5},
		  {"x":120,"y":540,"size":35,"speed":0.5,"initialNumber":5},
		  {"x":310,"y":570,"size":35,"speed":0.5,"initialNumber":5},
		  {"x":470,"y":540,"size":35,"speed":0.5,"initialNumber":5},
		  {"x":110,"y":820,"size":35,"speed":0.5,"initialNumber":5},
		  {"x":230,"y":750,"size":35,"speed":0.5,"initialNumber":5},
		  {"x":370,"y":810,"size":35,"speed":0.5,"initialNumber":5}
        ]
      }
	}
  ]
}