{
"texture":"fireParticle.png",
"radialAccelerationVariance":0
,"emitterType":0
,"tangentialAcceleration":0
,"endBlueVariance":0
,"endRedVariance":0
,"maxParticles":3
,"startGreenVariance":0
,"maxRadiusVariance":30
,"lifespan":100
,"radialAcceleration":0
,"minRadius":20
,"endRed":255
,"maxRadius":100
,"minRadiusVariance":10
,"startRedVariance":0
,"blendFactorSource":"one"
,"rotatePerSecond":30
,"startSizeVariance":10
,"startRed":255
,"rotatePerSecondVariance":10
,"endSize":5
,"emitterVariance":{"x":0,"y":3}
,"startSize":30
,"startBlue":255
,"emitAngle":0
,"endAlpha":1
,"lifespanVariance":0
,"emitAngleVariance":360
,"endBlue":255
,"engGreenVariance":0
,"speed":0
,"startRotationVariance":0
,"endGreen":255
,"startBlueVariance":0
,"endRotation":0
,"blendFactorDestination":"oneMinusSourceAlpha"
,"startRotation":0
,"startGreen":255
,"endAlphaVariance":0
,"gravity":{"x":0,"y":0}
,"startAlpha":0.8901960784313725
,"speedVariance":0
,"endRotationVariance":0
,"endSizeVariance":5
,"tangentialAccelerationVariance":0
,"emitter":{"x":499.5,"y":323}
,"duration":-1
,"startAlphaVariance":0
}