{
"texture":"fire3.png",
"startRotation":0
,"endRotationVariance":0
,"emitAngle":0
,"emitterVariance":{"x":0,"y":0}
,"startAlphaVariance":0
,"startBlueVariance":0
,"endRedVariance":0
,"startAlpha":1
,"blendFactorSource":"one"
,"speedVariance":100
,"radialAcceleration":0
,"blendFactorDestination":"oneMinusSourceAlpha"
,"startBlue":255
,"radialAccelerationVariance":0
,"emitterType":0
,"tangentialAcceleration":0
,"tangentialAccelerationVariance":0
,"endBlue":255
,"maxRadius":100
,"maxRadiusVariance":30
,"lifespan":500
,"startGreenVariance":0
,"minRadius":20
,"lifespanVariance":300
,"endBlueVariance":0
,"minRadiusVariance":10
,"startSize":10
,"rotatePerSecond":30
,"startSizeVariance":0
,"rotatePerSecondVariance":10
,"endSize":5
,"endAlphaVariance":0
,"endSizeVariance":0
,"startGreen":255
,"startRed":255
,"endAlpha":0
,"endRed":255
,"emitter":{"x":501,"y":236}
,"emitAngleVariance":360
,"duration":200
,"startRedVariance":0
,"engGreenVariance":0
,"speed":300
,"gravity":{"x":100,"y":300}
,"startRotationVariance":0
,"endGreen":255
,"maxParticles":150
,"endRotation":0
}