{
"texture":"yanhua.png",
"startBlueVariance":0
,"endRotationVariance":0
,"endAlpha":1
,"emitterVariance":{"x":0,"y":0}
,"speedVariance":0
,"startRotation":0
,"endRedVariance":0
,"emitter":{"x":439,"y":210}
,"blendFactorSource":"one"
,"startAlpha":0.8901960784313725
,"radialAcceleration":0
,"blendFactorDestination":"oneMinusSourceAlpha"
,"startBlue":255
,"radialAccelerationVariance":0
,"endSizeVariance":0
,"tangentialAcceleration":0
,"tangentialAccelerationVariance":0
,"endBlue":255
,"maxRadius":100
,"maxRadiusVariance":30
,"lifespan":1500
,"startGreenVariance":0
,"minRadius":20
,"lifespanVariance":0
,"endBlueVariance":0
,"minRadiusVariance":10
,"startSize":30
,"rotatePerSecond":30
,"startSizeVariance":0
,"endGreen":255
,"endSize":0
,"duration":-1
,"emitterType":0
,"startGreen":255
,"speed":0
,"emitAngle":0
,"endRed":255
,"startAlphaVariance":0
,"emitAngleVariance":0
,"endAlphaVariance":0
,"startRedVariance":0
,"engGreenVariance":0
,"startRed":255
,"gravity":{"x":0,"y":30}
,"startRotationVariance":0
,"rotatePerSecondVariance":10
,"maxParticles":50
,"endRotation":0
}